,home,distance,type,assisted,result
0,1,23,3-pt jump shot,0,0
1,1,23,3-pt jump shot,0,0
2,1,3,2-pt layup,0,0
3,1,1,2-pt layup,1,1
4,1,27,3-pt jump shot,0,0
5,1,28,3-pt jump shot,0,0
6,1,3,2-pt layup,0,0
7,1,1,2-pt layup,0,1
8,1,4,2-pt hook shot,0,1
9,1,25,3-pt jump shot,0,1
10,1,25,3-pt jump shot,1,1
11,1,22,3-pt jump shot,0,0
12,1,6,2-pt jump shot,0,1
13,1,1,2-pt layup,0,1
14,1,1,2-pt layup,0,0
15,1,0,2-pt layup,0,1
16,1,11,2-pt jump shot,0,0
17,1,25,3-pt jump shot,0,0
18,1,26,3-pt jump shot,1,1
19,1,19,2-pt jump shot,0,1
20,1,15,2-pt jump shot,0,0
21,1,3,2-pt layup,0,0
22,1,27,3-pt jump shot,0,1
23,0,25,3-pt jump shot,0,0
24,0,3,2-pt layup,0,0
25,0,23,3-pt jump shot,0,0
26,0,3,2-pt layup,0,1
27,0,26,3-pt jump shot,0,0
28,0,2,2-pt layup,1,1
29,0,9,2-pt jump shot,0,0
30,0,26,3-pt jump shot,0,0
31,0,26,3-pt jump shot,0,1
32,0,23,3-pt jump shot,0,0
33,0,1,2-pt dunk,1,1
34,0,23,3-pt jump shot,0,0
35,0,26,3-pt jump shot,1,1
36,0,16,2-pt jump shot,1,1
37,0,23,3-pt jump shot,1,1
38,0,2,2-pt layup,1,1
39,0,25,3-pt jump shot,0,0
40,0,26,3-pt jump shot,1,1
41,0,25,3-pt jump shot,0,0
42,0,25,3-pt jump shot,1,1
43,0,27,3-pt jump shot,1,1
44,0,28,3-pt jump shot,0,0
45,0,21,2-pt jump shot,0,0
46,0,3,2-pt dunk,0,1
47,0,20,2-pt jump shot,0,1
48,0,26,3-pt jump shot,0,0
49,0,13,2-pt jump shot,0,1
50,0,3,2-pt jump shot,0,1
51,0,27,3-pt jump shot,0,0
52,0,19,2-pt jump shot,0,1
53,0,23,3-pt jump shot,0,0
54,0,27,3-pt jump shot,0,0
55,0,3,2-pt jump shot,0,1
56,0,2,2-pt dunk,0,1
57,0,1,2-pt dunk,0,1
58,1,27,3-pt jump shot,0,1
59,1,19,2-pt jump shot,0,0
60,1,26,3-pt jump shot,1,1
61,1,2,2-pt layup,0,1
62,1,24,3-pt jump shot,1,1
63,1,28,3-pt jump shot,0,0
64,1,23,3-pt jump shot,1,1
65,1,25,3-pt jump shot,0,0
66,1,2,2-pt layup,0,0
67,1,6,2-pt jump shot,0,0
68,1,26,3-pt jump shot,1,1
69,1,25,3-pt jump shot,0,0
70,1,22,3-pt jump shot,0,0
71,1,8,2-pt jump shot,0,0
72,1,23,3-pt jump shot,1,1
73,1,0,2-pt layup,0,0
74,1,44,3-pt jump shot,0,0
75,1,2,2-pt layup,0,1
76,1,2,2-pt layup,1,1
77,1,24,3-pt jump shot,1,1
78,1,25,3-pt jump shot,0,1
79,1,26,3-pt jump shot,1,1
80,1,23,3-pt jump shot,0,0
81,1,2,2-pt layup,0,0
82,1,2,2-pt layup,0,0
83,1,23,3-pt jump shot,0,0
84,1,24,3-pt jump shot,0,0
85,1,2,2-pt layup,0,0
86,1,25,3-pt jump shot,1,1
87,1,26,3-pt jump shot,1,1
88,1,23,3-pt jump shot,0,0
89,0,26,3-pt jump shot,0,0
90,0,22,3-pt jump shot,0,0
91,0,25,3-pt jump shot,0,0
92,0,25,3-pt jump shot,0,0
93,0,1,2-pt layup,0,1
94,0,2,2-pt layup,0,0
95,0,25,3-pt jump shot,0,1
96,0,19,2-pt jump shot,0,1
97,0,3,2-pt layup,0,0
98,0,25,3-pt jump shot,1,1
99,0,24,3-pt jump shot,0,0
100,0,26,3-pt jump shot,0,0
101,0,10,2-pt jump shot,0,0
102,0,2,2-pt layup,0,0
103,0,5,2-pt layup,0,0
104,0,23,2-pt jump shot,0,0
105,0,26,3-pt jump shot,1,1
106,0,2,2-pt layup,0,1
107,0,1,2-pt dunk,0,1
108,0,2,2-pt layup,0,0
109,0,26,3-pt jump shot,0,0
110,0,29,3-pt jump shot,1,1
111,0,8,2-pt jump shot,0,1
112,0,9,2-pt layup,0,0
113,0,2,2-pt layup,1,1
114,0,17,2-pt jump shot,0,1
115,0,20,2-pt jump shot,0,0
116,0,9,2-pt jump shot,0,0
117,0,2,2-pt layup,0,1
118,0,26,3-pt jump shot,0,0
119,0,28,3-pt jump shot,1,1
120,0,25,3-pt jump shot,0,0
121,0,27,3-pt jump shot,0,0
122,0,23,3-pt jump shot,1,1
123,0,25,3-pt jump shot,1,1
124,0,21,2-pt jump shot,1,1
125,0,2,2-pt layup,0,1
126,0,25,3-pt jump shot,0,0
127,0,6,2-pt layup,0,0
128,0,26,3-pt jump shot,0,0
129,0,25,3-pt jump shot,0,0
130,1,16,2-pt jump shot,0,0
131,1,8,2-pt jump shot,0,0
132,1,8,2-pt jump shot,0,0
133,1,24,3-pt jump shot,0,0
134,1,24,3-pt jump shot,0,0
135,1,16,2-pt jump shot,0,1
136,1,2,2-pt jump shot,0,1
137,1,2,2-pt layup,0,0
138,1,5,2-pt jump shot,0,0
139,1,25,3-pt jump shot,0,0
140,1,22,3-pt jump shot,0,0
141,1,23,3-pt jump shot,1,1
142,1,1,2-pt layup,1,1
143,1,26,3-pt jump shot,1,1
144,1,1,2-pt layup,0,0
145,1,18,2-pt jump shot,1,1
146,1,24,3-pt jump shot,1,1
147,1,25,3-pt jump shot,0,0
148,1,27,3-pt jump shot,0,0
149,1,19,2-pt jump shot,0,0
150,0,26,3-pt jump shot,0,1
151,0,14,2-pt jump shot,0,0
152,0,10,2-pt jump shot,0,0
153,0,24,3-pt jump shot,0,0
154,0,12,2-pt jump shot,1,1
155,0,25,3-pt jump shot,0,0
156,0,15,2-pt jump shot,0,0
157,0,27,3-pt jump shot,0,0
158,0,13,2-pt jump shot,0,0
159,0,13,2-pt jump shot,0,0
160,0,27,3-pt jump shot,1,1
161,0,27,3-pt jump shot,0,0
162,0,1,2-pt layup,0,1
163,0,23,3-pt jump shot,0,0
164,0,26,3-pt jump shot,0,0
165,1,4,2-pt layup,0,1
166,1,6,2-pt layup,0,0
167,1,2,2-pt layup,0,1
168,1,2,2-pt layup,0,1
169,1,2,2-pt layup,0,0
170,0,25,3-pt jump shot,0,0
171,0,24,3-pt jump shot,0,0
172,0,26,3-pt jump shot,0,0
173,0,2,2-pt layup,0,1
174,0,25,3-pt jump shot,0,0
175,0,16,2-pt jump shot,0,0
176,0,23,3-pt jump shot,0,0
177,0,27,3-pt jump shot,0,0
178,0,27,3-pt jump shot,0,0
179,1,2,2-pt layup,0,0
180,1,23,3-pt jump shot,1,1
181,1,1,2-pt dunk,1,1
182,1,23,3-pt jump shot,1,1
183,1,3,2-pt layup,0,1
184,1,22,3-pt jump shot,0,1
185,1,23,3-pt jump shot,1,1
186,1,23,3-pt jump shot,0,0
187,1,1,2-pt layup,0,0
188,1,9,2-pt jump shot,0,0
189,1,26,3-pt jump shot,0,0
190,1,27,3-pt jump shot,1,1
191,1,28,3-pt jump shot,0,0
192,1,2,2-pt layup,0,0
193,1,23,3-pt jump shot,0,0
194,1,23,3-pt jump shot,1,1
195,1,24,3-pt jump shot,0,0
196,1,25,3-pt jump shot,0,0
197,1,26,3-pt jump shot,0,0
198,1,2,2-pt layup,0,0
199,1,27,3-pt jump shot,0,0
200,1,2,2-pt layup,1,1
201,1,22,2-pt jump shot,0,0
202,1,28,3-pt jump shot,1,1
203,1,25,3-pt jump shot,0,0
204,1,25,3-pt jump shot,0,0
205,1,25,3-pt jump shot,0,1
206,1,25,3-pt jump shot,0,0
207,1,24,3-pt jump shot,1,1
208,1,24,3-pt jump shot,1,1
209,0,10,2-pt jump shot,0,1
210,0,28,3-pt jump shot,0,0
211,0,9,2-pt jump shot,0,0
212,0,0,2-pt layup,0,1
213,0,33,3-pt jump shot,0,0
214,0,25,3-pt jump shot,0,1
215,0,23,3-pt jump shot,0,0
216,0,23,3-pt jump shot,0,0
217,0,7,2-pt jump shot,0,0
218,0,3,2-pt layup,0,0
219,0,24,3-pt jump shot,0,0
220,0,2,2-pt dunk,1,1
221,0,25,3-pt jump shot,0,0
222,0,25,3-pt jump shot,0,0
223,0,17,2-pt jump shot,0,0
224,0,19,2-pt jump shot,0,0
225,0,2,2-pt layup,1,1
226,0,9,2-pt jump shot,0,0
227,0,29,3-pt jump shot,0,0
228,0,25,3-pt jump shot,0,0
229,0,20,2-pt jump shot,0,0
230,0,28,3-pt jump shot,1,1
231,0,25,3-pt jump shot,0,1
232,0,8,2-pt jump shot,0,0
233,0,2,2-pt layup,0,1
234,0,27,3-pt jump shot,0,0
235,0,14,2-pt jump shot,0,0
236,0,29,3-pt jump shot,1,1
237,0,28,3-pt jump shot,1,1
238,0,19,2-pt jump shot,1,1
239,0,25,3-pt jump shot,0,0
240,0,39,3-pt jump shot,0,0
241,0,25,3-pt jump shot,0,0
242,0,24,3-pt jump shot,0,0
243,0,23,3-pt jump shot,1,1
244,0,1,2-pt layup,0,0
245,0,28,3-pt jump shot,0,0
246,1,25,3-pt jump shot,0,0
247,1,17,2-pt jump shot,0,0
248,1,25,3-pt jump shot,1,1
249,1,60,3-pt jump shot,0,0
250,1,28,3-pt jump shot,0,0
251,1,8,2-pt jump shot,0,1
252,1,26,3-pt jump shot,0,0
253,1,4,2-pt layup,0,0
254,0,26,3-pt jump shot,1,1
255,0,25,3-pt jump shot,0,0
256,0,1,2-pt dunk,1,1
257,0,26,3-pt jump shot,0,0
258,0,22,3-pt jump shot,0,0
259,0,10,2-pt jump shot,0,1
260,0,23,3-pt jump shot,0,0
261,0,4,2-pt layup,1,1
262,0,24,3-pt jump shot,1,1
263,0,29,3-pt jump shot,0,1
264,0,26,3-pt jump shot,0,1
265,0,9,2-pt jump shot,0,0
266,0,19,2-pt jump shot,0,0
267,0,2,2-pt layup,1,1
268,0,2,2-pt layup,0,0
269,0,25,3-pt jump shot,0,0
270,0,2,2-pt layup,0,1
271,0,25,3-pt jump shot,1,1
272,0,19,2-pt jump shot,0,0
273,0,24,3-pt jump shot,0,0
274,0,25,3-pt jump shot,0,0
275,1,2,2-pt layup,1,1
276,1,16,2-pt jump shot,0,0
277,1,1,2-pt layup,0,1
278,1,27,3-pt jump shot,0,0
279,1,24,3-pt jump shot,1,1
280,1,2,2-pt layup,0,0
281,1,1,2-pt layup,1,1
282,1,23,3-pt jump shot,1,1
283,1,24,3-pt jump shot,0,0
284,1,26,3-pt jump shot,0,0
285,1,20,2-pt jump shot,0,0
286,1,25,3-pt jump shot,0,0
287,1,28,3-pt jump shot,1,1
288,1,3,2-pt layup,0,1
289,1,1,2-pt dunk,1,1
290,1,17,2-pt jump shot,0,0
291,1,26,3-pt jump shot,0,0
292,0,26,3-pt jump shot,0,1
293,0,13,2-pt jump shot,0,0
294,0,26,3-pt jump shot,1,1
295,0,28,3-pt jump shot,0,0
296,0,27,3-pt jump shot,1,1
297,0,26,3-pt jump shot,0,0
298,0,26,3-pt jump shot,1,1
299,0,15,2-pt jump shot,0,0
300,0,1,2-pt layup,0,1
301,0,27,3-pt jump shot,0,0
302,0,26,3-pt jump shot,0,0
303,1,26,3-pt jump shot,0,0
304,1,1,2-pt dunk,1,1
305,1,3,2-pt layup,1,1
306,1,26,3-pt jump shot,0,0
307,1,28,3-pt jump shot,1,1
308,1,26,3-pt jump shot,0,0
309,1,26,3-pt jump shot,1,1
310,1,16,2-pt jump shot,0,1
311,1,23,3-pt jump shot,0,0
312,1,28,3-pt jump shot,0,0
313,1,26,3-pt jump shot,0,0
314,1,25,3-pt jump shot,0,0
315,1,3,2-pt layup,0,0
316,1,25,3-pt jump shot,1,1
317,1,27,3-pt jump shot,0,0
318,1,27,3-pt jump shot,0,0
319,0,11,2-pt jump shot,0,0
320,0,25,3-pt jump shot,1,1
321,0,25,3-pt jump shot,0,0
322,0,1,2-pt layup,0,0
323,0,25,3-pt jump shot,1,1
324,0,22,2-pt jump shot,0,0
325,0,21,2-pt jump shot,0,0
326,0,2,2-pt layup,1,1
327,0,10,2-pt jump shot,0,1
328,0,23,2-pt jump shot,0,1
329,0,25,3-pt jump shot,0,0
330,0,2,2-pt layup,0,1
331,0,26,3-pt jump shot,0,0
332,0,26,3-pt jump shot,0,0
333,0,18,2-pt jump shot,1,1
334,0,25,3-pt jump shot,0,0
335,0,20,2-pt jump shot,0,0
336,0,4,2-pt layup,0,0
337,0,1,2-pt dunk,1,1
338,0,18,2-pt jump shot,0,0
339,0,23,3-pt jump shot,0,0
340,0,23,3-pt jump shot,1,1
341,0,27,3-pt jump shot,1,1
342,0,85,3-pt jump shot,0,0
343,0,27,3-pt jump shot,1,1
344,0,24,3-pt jump shot,0,0
345,0,27,3-pt jump shot,0,0
346,0,2,2-pt layup,0,0
347,0,27,3-pt jump shot,1,1
348,0,26,3-pt jump shot,0,0
349,0,3,2-pt layup,1,1
350,1,0,2-pt dunk,0,1
351,1,28,3-pt jump shot,0,0
352,1,23,3-pt jump shot,0,0
353,1,2,2-pt layup,0,0
354,1,28,3-pt jump shot,0,0
355,1,5,2-pt jump shot,0,1
356,1,2,2-pt layup,0,1
357,1,26,3-pt jump shot,0,0
358,1,3,2-pt jump shot,0,0
359,1,26,3-pt jump shot,0,1
360,1,25,3-pt jump shot,1,1
361,1,2,2-pt jump shot,0,0
362,1,1,2-pt layup,0,1
363,1,24,3-pt jump shot,1,1
364,1,9,2-pt jump shot,1,1
365,1,1,2-pt layup,0,0
366,1,5,2-pt layup,0,0
367,1,26,3-pt jump shot,0,0
368,1,2,2-pt dunk,0,0
369,1,3,2-pt layup,0,1
370,1,3,2-pt layup,0,1
371,1,3,2-pt hook shot,0,0
372,1,25,3-pt jump shot,1,1
373,1,24,3-pt jump shot,1,1
374,1,27,3-pt jump shot,0,0
375,1,1,2-pt layup,0,1
376,1,25,3-pt jump shot,0,0
377,1,26,3-pt jump shot,0,0
378,1,25,3-pt jump shot,0,0
379,1,7,2-pt hook shot,0,0
380,1,26,3-pt jump shot,0,0
381,0,12,2-pt jump shot,0,1
382,0,24,3-pt jump shot,0,0
383,0,26,3-pt jump shot,0,0
384,0,7,2-pt jump shot,0,0
385,0,26,3-pt jump shot,0,0
386,0,1,2-pt layup,0,0
387,0,10,2-pt jump shot,0,0
388,0,26,3-pt jump shot,0,1
389,0,2,2-pt layup,0,0
390,0,1,2-pt layup,0,1
391,0,3,2-pt layup,0,0
392,1,24,3-pt jump shot,0,0
393,1,26,3-pt jump shot,0,0
394,1,25,3-pt jump shot,0,0
395,1,7,2-pt jump shot,0,0
396,1,26,3-pt jump shot,0,1
397,1,1,2-pt layup,0,1
398,0,12,2-pt jump shot,0,0
399,0,26,3-pt jump shot,1,1
400,0,28,3-pt jump shot,0,0
401,0,1,2-pt dunk,0,1
402,0,27,3-pt jump shot,1,1
403,0,26,3-pt jump shot,0,0
404,0,27,3-pt jump shot,1,1
405,0,29,3-pt jump shot,0,0
406,0,20,2-pt jump shot,0,1
407,0,3,2-pt layup,0,0
408,0,1,2-pt layup,0,0
409,0,0,2-pt dunk,1,1
410,0,27,3-pt jump shot,0,0
411,0,1,2-pt dunk,1,1
412,0,27,3-pt jump shot,1,1
413,0,25,3-pt jump shot,0,0
414,0,13,2-pt jump shot,0,0
415,0,26,3-pt jump shot,0,0
416,0,2,2-pt layup,0,0
417,1,28,3-pt jump shot,1,1
418,1,25,3-pt jump shot,0,0
419,1,4,2-pt jump shot,0,0
420,1,27,3-pt jump shot,0,1
421,1,2,2-pt layup,0,1
422,1,24,3-pt jump shot,0,0
423,1,25,3-pt jump shot,1,1
424,1,12,2-pt jump shot,0,0
425,1,9,2-pt jump shot,0,0
426,1,25,3-pt jump shot,1,1
427,1,2,2-pt layup,0,0
428,1,0,2-pt layup,0,0
429,1,26,3-pt jump shot,1,1
430,1,23,3-pt jump shot,0,0
431,1,1,2-pt layup,0,1
432,1,1,2-pt layup,0,0
433,1,2,2-pt layup,0,0
434,1,2,2-pt layup,0,0
435,1,1,2-pt layup,0,0
436,1,26,3-pt jump shot,0,0
437,1,4,2-pt jump shot,1,1
438,1,2,2-pt layup,0,1
439,1,2,2-pt dunk,0,0
440,1,2,2-pt layup,1,1
441,1,43,3-pt jump shot,0,0
442,1,1,2-pt layup,0,1
443,1,26,3-pt jump shot,0,0
444,1,1,2-pt layup,1,1
445,1,25,3-pt jump shot,0,1
446,1,29,3-pt jump shot,0,0
447,1,26,3-pt jump shot,0,0
448,1,3,2-pt layup,0,1
449,1,5,2-pt jump shot,0,0
450,1,25,3-pt jump shot,0,0
451,1,1,2-pt layup,0,1
452,1,25,3-pt jump shot,0,0
453,1,2,2-pt layup,0,0
454,1,26,3-pt jump shot,0,0
455,1,3,2-pt layup,0,0
456,1,30,3-pt jump shot,0,1
457,1,8,2-pt jump shot,0,1
458,1,17,2-pt jump shot,0,0
459,1,28,3-pt jump shot,1,1
460,1,27,3-pt jump shot,0,0
461,1,0,2-pt layup,0,1
462,1,26,3-pt jump shot,1,1
463,1,26,3-pt jump shot,0,0
464,0,1,2-pt layup,0,0
465,0,26,3-pt jump shot,0,0
466,0,25,3-pt jump shot,1,1
467,0,25,3-pt jump shot,1,1
468,0,2,2-pt layup,0,0
469,0,25,3-pt jump shot,1,1
470,0,2,2-pt dunk,1,1
471,0,5,2-pt layup,0,0
472,0,25,3-pt jump shot,0,1
473,0,5,2-pt jump shot,0,1
474,0,2,2-pt layup,0,1
475,0,25,3-pt jump shot,0,0
476,0,1,2-pt layup,0,1
477,0,8,2-pt jump shot,0,0
478,0,23,3-pt jump shot,0,0
479,0,28,3-pt jump shot,1,1
480,0,28,3-pt jump shot,0,0
481,0,16,2-pt jump shot,0,1
482,0,23,3-pt jump shot,0,0
483,1,4,2-pt jump shot,1,1
484,1,3,2-pt layup,0,0
485,1,26,3-pt jump shot,0,0
486,1,25,3-pt jump shot,0,0
487,1,25,3-pt jump shot,0,0
488,1,26,3-pt jump shot,0,0
489,1,1,2-pt layup,1,1
490,1,23,3-pt jump shot,0,0
491,1,2,2-pt layup,1,1
492,1,26,3-pt jump shot,0,0
493,1,1,2-pt dunk,1,1
494,1,25,3-pt jump shot,0,0
495,1,26,3-pt jump shot,0,0
496,1,1,2-pt layup,0,0
497,1,28,3-pt jump shot,1,1
498,1,0,2-pt layup,0,1
499,1,27,3-pt jump shot,0,0
500,1,27,3-pt jump shot,0,1
501,0,25,3-pt jump shot,0,1
502,0,11,2-pt jump shot,0,0
503,0,26,3-pt jump shot,1,1
504,0,20,2-pt jump shot,0,1
505,0,25,3-pt jump shot,1,1
506,0,2,2-pt layup,0,0
507,0,26,3-pt jump shot,0,0
508,0,1,2-pt layup,1,1
509,0,25,3-pt jump shot,0,0
510,0,1,2-pt layup,0,1
511,0,23,3-pt jump shot,0,0
512,0,12,2-pt jump shot,0,0
513,0,24,3-pt jump shot,0,0
514,0,25,3-pt jump shot,0,1
515,0,1,2-pt dunk,1,1
516,0,27,3-pt jump shot,1,1
517,0,26,3-pt jump shot,0,0
518,0,26,3-pt jump shot,0,0
519,0,25,3-pt jump shot,1,1
520,0,14,2-pt jump shot,0,0
521,0,27,3-pt jump shot,0,0
522,0,3,2-pt layup,0,0
523,0,0,2-pt layup,0,1
524,0,26,3-pt jump shot,0,0
525,0,1,2-pt layup,0,1
526,0,24,3-pt jump shot,0,0
527,0,23,3-pt jump shot,1,1
528,0,2,2-pt dunk,0,1
529,0,25,3-pt jump shot,0,0
530,0,2,2-pt layup,0,1
531,0,2,2-pt layup,0,0
532,0,1,2-pt dunk,1,1
533,0,24,3-pt jump shot,1,1
534,0,26,3-pt jump shot,1,1
535,0,1,2-pt dunk,0,1
536,0,2,2-pt layup,0,0
537,0,23,3-pt jump shot,0,0
538,0,1,2-pt layup,0,1
539,0,27,3-pt jump shot,0,0
540,0,2,2-pt layup,0,1
541,0,27,3-pt jump shot,0,0
542,0,27,3-pt jump shot,0,0
543,0,26,3-pt jump shot,0,0
544,0,23,3-pt jump shot,0,0
545,0,2,2-pt layup,1,1
546,0,25,3-pt jump shot,0,0
547,0,1,2-pt layup,0,1
548,1,6,2-pt layup,0,0
549,1,2,2-pt layup,0,0
550,1,1,2-pt layup,0,0
551,1,2,2-pt layup,1,1
552,1,24,3-pt jump shot,0,0
553,1,6,2-pt jump shot,0,0
554,1,2,2-pt dunk,1,1
555,1,1,2-pt dunk,1,1
556,1,28,3-pt jump shot,1,1
557,1,0,2-pt dunk,0,0
558,1,27,3-pt jump shot,0,0
559,0,1,2-pt layup,0,0
560,0,26,3-pt jump shot,0,0
561,0,25,3-pt jump shot,0,0
562,0,26,3-pt jump shot,0,0
563,0,0,2-pt dunk,1,1
564,0,26,3-pt jump shot,0,0
565,0,16,2-pt jump shot,0,0
566,0,25,3-pt jump shot,0,0
567,0,0,2-pt dunk,1,1
568,0,11,2-pt jump shot,0,0
569,0,1,2-pt layup,1,1
570,0,23,3-pt jump shot,0,0
571,0,1,2-pt jump shot,0,0
572,0,0,2-pt layup,0,0
573,0,18,2-pt jump shot,0,0
574,0,25,3-pt jump shot,0,0
575,0,23,3-pt jump shot,1,1
576,0,2,2-pt layup,0,0
577,0,27,3-pt jump shot,0,0
578,0,27,3-pt jump shot,0,0
579,0,17,2-pt jump shot,0,0
580,0,27,3-pt jump shot,0,1
581,0,6,2-pt layup,0,0
582,0,1,2-pt dunk,1,1
583,0,1,2-pt layup,0,1
584,1,27,3-pt jump shot,0,0
585,1,2,2-pt dunk,0,1
586,1,4,2-pt layup,0,0
587,1,26,3-pt jump shot,0,0
588,1,16,2-pt jump shot,0,1
589,1,26,3-pt jump shot,0,0
590,1,8,2-pt jump shot,0,0
591,1,22,3-pt jump shot,1,1
592,1,1,2-pt layup,0,0
593,1,26,3-pt jump shot,1,1
594,1,27,3-pt jump shot,0,0
595,1,11,2-pt jump shot,0,0
596,1,3,2-pt jump shot,0,1
597,1,23,3-pt jump shot,0,0
598,1,18,2-pt jump shot,0,0
599,1,5,2-pt jump shot,0,0
600,1,2,2-pt layup,0,0
601,1,10,2-pt layup,0,0
602,1,9,2-pt jump shot,1,1
603,1,2,2-pt dunk,1,1
604,1,25,3-pt jump shot,0,0
605,1,0,2-pt layup,0,1
606,1,10,2-pt jump shot,0,0
607,1,24,3-pt jump shot,0,0
608,1,24,3-pt jump shot,1,1
609,1,2,2-pt layup,1,1
610,1,25,3-pt jump shot,0,0
611,1,24,3-pt jump shot,0,0
612,1,2,2-pt dunk,1,1
613,1,2,2-pt layup,0,1
614,1,4,2-pt hook shot,0,0
615,1,3,2-pt layup,0,0
616,1,22,3-pt jump shot,0,0
617,1,24,3-pt jump shot,0,0
618,1,23,3-pt jump shot,0,0
619,0,25,3-pt jump shot,0,0
620,0,0,2-pt layup,1,1
621,0,22,3-pt jump shot,0,0
622,0,24,3-pt jump shot,0,1
623,0,1,2-pt dunk,1,1
624,0,29,3-pt jump shot,0,0
625,1,13,2-pt jump shot,1,1
626,1,15,2-pt jump shot,0,0
627,1,2,2-pt layup,0,1
628,1,2,2-pt layup,0,0
629,1,1,2-pt layup,0,1
630,1,4,2-pt layup,0,0
631,1,10,2-pt jump shot,0,0
632,1,28,3-pt jump shot,1,1
633,1,27,3-pt jump shot,0,0
634,1,25,3-pt jump shot,0,1
635,1,26,3-pt jump shot,0,0
636,1,4,2-pt jump shot,0,0
637,1,2,2-pt layup,0,1
638,1,1,2-pt layup,0,0
639,1,2,2-pt layup,0,0
640,1,2,2-pt layup,0,1
641,1,17,2-pt jump shot,0,0
642,1,1,2-pt layup,0,0
643,1,2,2-pt layup,1,1
644,0,27,3-pt jump shot,0,0
645,0,10,2-pt jump shot,0,0
646,0,5,2-pt layup,0,1
647,0,2,2-pt layup,0,1
648,0,26,3-pt jump shot,1,1
649,0,0,2-pt dunk,0,1
650,0,0,2-pt layup,1,1
651,0,1,2-pt layup,1,1
652,0,1,2-pt layup,0,1
653,0,1,2-pt layup,0,0
654,0,2,2-pt layup,0,0
655,0,28,3-pt jump shot,0,0
656,0,11,2-pt jump shot,0,0
657,0,17,2-pt jump shot,1,1
658,0,25,3-pt jump shot,0,0
659,0,26,3-pt jump shot,0,0
660,0,25,3-pt jump shot,0,0
661,0,26,3-pt jump shot,0,0
662,0,26,3-pt jump shot,0,0
663,0,15,2-pt jump shot,0,0
664,0,14,2-pt jump shot,0,0
665,0,26,3-pt jump shot,0,0
666,1,11,2-pt jump shot,0,0
667,1,2,2-pt layup,0,0
668,1,26,3-pt jump shot,0,0
669,1,26,3-pt jump shot,1,1
670,1,25,3-pt jump shot,1,1
671,1,16,2-pt jump shot,0,1
672,1,18,2-pt jump shot,0,0
673,1,28,3-pt jump shot,1,1
674,1,3,2-pt layup,0,0
675,1,3,2-pt layup,0,0
676,1,23,3-pt jump shot,0,0
677,1,11,2-pt jump shot,0,0
678,1,0,2-pt layup,0,0
679,1,26,3-pt jump shot,1,1
680,1,27,3-pt jump shot,1,1
681,1,27,3-pt jump shot,0,0
682,0,24,3-pt jump shot,0,0
683,0,18,2-pt jump shot,0,1
684,0,25,3-pt jump shot,0,0
685,0,26,3-pt jump shot,0,0
686,0,23,3-pt jump shot,0,0
687,0,2,2-pt layup,1,1
688,0,25,3-pt jump shot,0,0
689,0,29,3-pt jump shot,0,0
690,1,2,2-pt layup,0,0
691,1,23,3-pt jump shot,0,0
692,1,21,2-pt jump shot,0,0
693,1,25,3-pt jump shot,0,0
694,1,1,2-pt dunk,1,1
695,1,27,3-pt jump shot,0,0
696,1,10,2-pt jump shot,0,0
697,1,25,3-pt jump shot,0,0
698,1,3,2-pt layup,1,1
699,1,2,2-pt layup,1,1
700,1,2,2-pt dunk,0,1
701,1,28,3-pt jump shot,1,1
702,1,23,3-pt jump shot,1,1
703,0,17,2-pt jump shot,0,0
704,0,24,3-pt jump shot,1,1
705,0,24,3-pt jump shot,0,0
706,0,26,3-pt jump shot,0,0
707,0,26,3-pt jump shot,0,0
708,0,2,2-pt jump shot,0,0
709,1,25,3-pt jump shot,1,1
710,1,2,2-pt layup,1,1
711,1,27,3-pt jump shot,1,1
712,1,3,2-pt layup,0,0
713,1,25,3-pt jump shot,0,1
714,1,3,2-pt jump shot,0,0
715,0,26,3-pt jump shot,0,0
716,0,8,2-pt jump shot,1,1
717,0,25,3-pt jump shot,0,0
718,0,1,2-pt layup,1,1
719,0,25,3-pt jump shot,0,0
720,0,25,3-pt jump shot,0,0
721,0,20,2-pt jump shot,0,0
722,0,23,3-pt jump shot,0,0
723,0,27,3-pt jump shot,1,1
724,0,23,3-pt jump shot,0,0
725,0,26,3-pt jump shot,0,0
726,0,25,3-pt jump shot,0,1
727,0,7,2-pt jump shot,0,0
728,0,18,2-pt jump shot,0,0
729,1,26,3-pt jump shot,0,0
730,1,23,3-pt jump shot,0,0
731,1,2,2-pt layup,0,0
732,1,2,2-pt layup,0,0
733,1,1,2-pt layup,0,1
734,1,25,3-pt jump shot,0,1
735,1,15,2-pt jump shot,0,1
736,1,1,2-pt layup,0,1
737,1,26,3-pt jump shot,0,0
738,1,26,3-pt jump shot,0,1
739,0,23,3-pt jump shot,0,0
740,0,7,2-pt layup,0,0
741,0,26,3-pt jump shot,1,1
742,0,0,2-pt layup,1,1
743,0,1,2-pt dunk,0,1
744,0,23,3-pt jump shot,0,0
745,0,20,2-pt jump shot,0,0
746,0,1,2-pt layup,0,1
747,0,1,2-pt dunk,1,1
748,1,25,3-pt jump shot,1,1
749,1,26,3-pt jump shot,0,0
750,1,24,3-pt jump shot,0,0
751,1,3,2-pt layup,0,1
752,1,1,2-pt layup,0,1
753,1,27,3-pt jump shot,1,1
754,1,26,3-pt jump shot,0,0
755,1,27,3-pt jump shot,0,0
756,1,23,3-pt jump shot,1,1
757,1,27,3-pt jump shot,0,0
758,1,3,2-pt layup,1,1
759,1,25,3-pt jump shot,0,0
760,1,26,3-pt jump shot,0,1
761,1,25,3-pt jump shot,1,1
762,1,27,3-pt jump shot,1,1
763,1,28,3-pt jump shot,0,0
764,1,2,2-pt layup,0,0
765,1,27,3-pt jump shot,1,1
766,1,26,3-pt jump shot,0,0
767,0,24,3-pt jump shot,0,0
768,0,26,3-pt jump shot,0,0
769,0,1,2-pt layup,0,0
770,0,2,2-pt layup,0,1
771,0,25,3-pt jump shot,0,0
772,0,26,3-pt jump shot,1,1
773,0,4,2-pt layup,0,0
774,1,25,3-pt jump shot,1,1
775,1,7,2-pt jump shot,0,0
776,1,1,2-pt layup,0,0
777,1,24,3-pt jump shot,0,0
778,1,22,3-pt jump shot,0,0
779,1,0,2-pt dunk,1,1
780,1,23,2-pt jump shot,0,1
781,0,9,2-pt jump shot,1,1
782,0,0,2-pt dunk,0,1
783,0,17,2-pt jump shot,0,1
784,0,16,2-pt jump shot,0,1
785,0,21,2-pt jump shot,0,0
786,0,24,3-pt jump shot,0,1
787,0,26,3-pt jump shot,0,0
788,0,25,3-pt jump shot,0,0
789,0,25,3-pt jump shot,1,1
790,0,26,3-pt jump shot,0,0
791,0,17,2-pt jump shot,0,1
792,0,1,2-pt layup,0,1
793,0,0,2-pt dunk,0,1
794,0,25,3-pt jump shot,0,0
795,0,1,2-pt layup,0,0
796,0,0,2-pt dunk,1,1
797,0,1,2-pt layup,0,0
798,0,26,3-pt jump shot,0,0
799,0,0,2-pt layup,0,0
800,0,28,3-pt jump shot,0,0
801,0,17,2-pt jump shot,0,0
802,0,28,3-pt jump shot,0,1
803,0,46,3-pt jump shot,0,0
804,0,26,3-pt jump shot,0,0
805,0,6,2-pt layup,0,0
806,0,27,3-pt jump shot,0,0
807,0,13,2-pt jump shot,0,1
808,0,26,3-pt jump shot,0,0
809,0,26,3-pt jump shot,0,0
810,0,27,3-pt jump shot,0,0
811,0,26,3-pt jump shot,0,0
812,0,26,3-pt jump shot,0,0
813,0,27,3-pt jump shot,0,0
814,0,27,3-pt jump shot,0,0
815,0,27,3-pt jump shot,0,0
816,0,27,3-pt jump shot,0,1
817,0,28,3-pt jump shot,0,0
818,0,29,3-pt jump shot,0,0
819,1,24,3-pt jump shot,0,1
820,1,20,2-pt jump shot,0,0
821,1,1,2-pt layup,0,0
822,1,8,2-pt jump shot,0,0
823,1,1,2-pt layup,1,1
824,1,1,2-pt dunk,1,1
825,1,2,2-pt layup,0,1
826,1,2,2-pt layup,0,0
827,1,4,2-pt layup,0,0
828,1,23,3-pt jump shot,0,0
829,1,12,2-pt jump shot,0,0
830,1,7,2-pt jump shot,0,0
831,1,0,2-pt layup,0,0
832,1,72,3-pt jump shot,0,0
833,1,8,2-pt jump shot,0,0
834,0,2,2-pt layup,0,0
835,0,24,3-pt jump shot,0,0
836,0,10,2-pt jump shot,1,1
837,0,25,3-pt jump shot,0,0
838,0,0,2-pt layup,1,1
839,0,28,3-pt jump shot,0,0
840,0,26,3-pt jump shot,1,1
841,0,25,3-pt jump shot,0,0
842,0,27,3-pt jump shot,0,0
843,0,28,3-pt jump shot,0,0
844,0,28,3-pt jump shot,0,0
845,1,25,3-pt jump shot,0,0
846,1,19,2-pt jump shot,0,0
847,1,23,3-pt jump shot,0,0
848,1,26,3-pt jump shot,0,0
849,1,27,3-pt jump shot,0,0
850,1,25,3-pt jump shot,0,0
851,1,25,3-pt jump shot,0,0
852,1,1,2-pt layup,1,1
853,1,1,2-pt layup,0,0
854,1,25,3-pt jump shot,1,1
855,1,7,2-pt jump shot,0,0
856,1,9,2-pt jump shot,0,0
857,1,19,2-pt jump shot,0,0
858,1,23,3-pt jump shot,0,0
859,1,24,3-pt jump shot,1,1
860,1,25,3-pt jump shot,0,0
861,1,26,3-pt jump shot,0,0
862,1,1,2-pt dunk,1,1
863,1,24,3-pt jump shot,0,0
864,1,13,2-pt jump shot,0,0
865,1,0,2-pt dunk,0,0
866,1,26,3-pt jump shot,0,0
867,0,23,3-pt jump shot,0,0
868,0,24,3-pt jump shot,1,1
869,0,7,2-pt jump shot,1,1
870,0,24,3-pt jump shot,0,0
871,0,2,2-pt dunk,1,1
872,0,0,2-pt layup,0,1
873,0,7,2-pt jump shot,0,0
874,0,26,3-pt jump shot,0,0
875,0,25,3-pt jump shot,0,0
876,0,19,2-pt jump shot,0,1
877,0,0,2-pt layup,0,1
878,0,29,3-pt jump shot,0,0
879,0,1,2-pt layup,0,1
880,0,24,3-pt jump shot,0,0
881,0,2,2-pt layup,0,0
882,1,26,3-pt jump shot,0,0
883,1,15,2-pt jump shot,0,0
884,1,26,3-pt jump shot,1,1
885,1,26,3-pt jump shot,0,0
886,1,26,3-pt jump shot,0,0
887,1,25,3-pt jump shot,0,0
888,1,10,2-pt jump shot,0,1
889,1,2,2-pt layup,1,1
890,1,25,3-pt jump shot,1,1
891,1,22,3-pt jump shot,1,1
892,1,27,3-pt jump shot,1,1
893,1,27,3-pt jump shot,0,0
894,1,32,3-pt jump shot,0,0
895,1,25,3-pt jump shot,0,0
896,1,29,3-pt jump shot,0,0
897,1,27,3-pt jump shot,0,0
898,1,26,3-pt jump shot,0,0
899,1,13,2-pt jump shot,0,0
900,1,26,3-pt jump shot,1,1
901,1,25,3-pt jump shot,0,0
902,1,1,2-pt layup,0,0
903,1,25,3-pt jump shot,1,1
904,1,23,3-pt jump shot,0,0
905,1,25,3-pt jump shot,1,1
906,0,2,2-pt layup,0,0
907,0,23,3-pt jump shot,0,0
908,0,25,3-pt jump shot,0,1
909,0,1,2-pt layup,0,0
910,0,26,3-pt jump shot,1,1
911,0,25,3-pt jump shot,0,0
912,0,26,3-pt jump shot,0,0
913,0,22,3-pt jump shot,1,1
914,0,25,3-pt jump shot,0,0
915,0,26,3-pt jump shot,0,1
916,0,25,3-pt jump shot,1,1
917,0,25,3-pt jump shot,0,1
918,0,25,3-pt jump shot,1,1
919,0,23,3-pt jump shot,1,1
920,0,26,3-pt jump shot,0,0
921,0,1,2-pt layup,0,0
922,0,10,2-pt jump shot,0,1
923,0,24,3-pt jump shot,1,1
924,0,25,3-pt jump shot,1,1
925,0,1,2-pt layup,0,1
926,0,25,3-pt jump shot,1,1
927,1,25,3-pt jump shot,1,1
928,1,26,3-pt jump shot,0,0
929,1,25,3-pt jump shot,0,0
930,1,26,3-pt jump shot,1,1
931,1,11,2-pt jump shot,0,0
932,1,26,3-pt jump shot,0,1
933,1,26,3-pt jump shot,0,0
934,1,0,2-pt layup,0,0
935,0,24,3-pt jump shot,0,0
936,0,24,3-pt jump shot,0,0
937,0,0,2-pt layup,1,1
938,0,1,2-pt layup,0,0
939,0,23,3-pt jump shot,0,0
940,0,22,3-pt jump shot,0,0
941,0,23,3-pt jump shot,1,1
942,0,10,2-pt jump shot,0,1
943,0,25,3-pt jump shot,0,0
944,0,25,3-pt jump shot,0,0
945,0,20,2-pt jump shot,0,0
946,0,1,2-pt layup,0,1
947,0,3,2-pt jump shot,0,0
948,1,25,3-pt jump shot,1,1
949,1,0,2-pt dunk,1,1
950,1,25,3-pt jump shot,1,1
951,1,24,3-pt jump shot,1,1
952,1,25,3-pt jump shot,0,0
953,1,2,2-pt layup,0,0
954,1,1,2-pt dunk,1,1
955,1,26,3-pt jump shot,0,0
956,1,2,2-pt layup,0,1
957,1,26,3-pt jump shot,0,0
958,1,24,3-pt jump shot,1,1
959,1,25,3-pt jump shot,0,0
960,1,1,2-pt layup,0,0
961,1,5,2-pt jump shot,0,0
962,1,25,3-pt jump shot,0,0
963,1,22,3-pt jump shot,0,0
964,1,25,3-pt jump shot,0,0
965,1,25,3-pt jump shot,1,1
966,1,0,2-pt layup,0,1
967,1,41,3-pt jump shot,0,0
968,1,23,3-pt jump shot,0,0
969,1,26,3-pt jump shot,0,0
970,1,6,2-pt jump shot,0,0
971,1,2,2-pt layup,0,0
972,1,23,3-pt jump shot,0,0
973,1,0,2-pt layup,0,1
974,1,25,3-pt jump shot,1,1
975,1,24,3-pt jump shot,1,1
976,1,26,3-pt jump shot,0,0
977,1,22,3-pt jump shot,0,0
978,1,27,3-pt jump shot,0,0
979,1,26,3-pt jump shot,1,1
980,1,23,3-pt jump shot,0,0
981,1,27,3-pt jump shot,0,0
982,1,1,2-pt dunk,0,1
983,1,25,3-pt jump shot,1,1
984,1,26,3-pt jump shot,0,0
985,1,23,3-pt jump shot,1,1
986,1,27,3-pt jump shot,0,1
987,1,25,3-pt jump shot,0,0
988,1,26,3-pt jump shot,1,1
989,1,25,3-pt jump shot,0,0
990,1,4,2-pt layup,0,0
991,1,27,3-pt jump shot,0,0
992,1,11,2-pt jump shot,0,0
993,1,15,2-pt jump shot,0,0
994,1,1,2-pt dunk,1,1
995,1,25,3-pt jump shot,0,0
996,1,4,2-pt layup,0,0
997,1,22,3-pt jump shot,0,0
998,1,11,2-pt jump shot,0,1
999,1,2,2-pt layup,0,0
1000,1,27,3-pt jump shot,0,1
1001,0,26,3-pt jump shot,1,1
1002,0,0,2-pt layup,0,0
1003,0,25,3-pt jump shot,1,1
1004,0,25,3-pt jump shot,0,1
1005,0,1,2-pt layup,0,0
1006,0,0,2-pt dunk,0,0
1007,0,2,2-pt layup,0,0
1008,0,25,3-pt jump shot,0,1
1009,0,20,2-pt jump shot,0,0
1010,0,26,3-pt jump shot,0,0
1011,0,1,2-pt layup,1,1
1012,0,0,2-pt layup,0,1
1013,0,5,2-pt jump shot,0,1
1014,0,6,2-pt jump shot,0,0
1015,0,25,3-pt jump shot,1,1
1016,0,1,2-pt layup,0,1
1017,0,25,3-pt jump shot,1,1
1018,0,27,3-pt jump shot,0,0
1019,0,23,3-pt jump shot,0,0
1020,0,11,2-pt jump shot,0,0
1021,0,24,3-pt jump shot,0,0
1022,0,20,2-pt jump shot,0,0
1023,0,24,3-pt jump shot,0,0
1024,0,25,3-pt jump shot,0,0
1025,0,0,2-pt layup,0,1
1026,0,1,2-pt layup,1,1
1027,0,2,2-pt layup,0,0
1028,0,23,3-pt jump shot,1,1
1029,0,25,3-pt jump shot,0,0
1030,0,20,2-pt jump shot,0,1
1031,1,3,2-pt layup,0,0
1032,1,26,3-pt jump shot,1,1
1033,1,2,2-pt layup,0,0
1034,1,26,3-pt jump shot,0,1
1035,1,12,2-pt jump shot,1,1
1036,1,26,3-pt jump shot,0,0
1037,1,25,3-pt jump shot,0,0
1038,1,24,3-pt jump shot,0,0
1039,1,25,3-pt jump shot,0,1
1040,1,13,2-pt jump shot,1,1
1041,1,1,2-pt layup,0,1
1042,1,1,2-pt layup,0,0
1043,0,26,3-pt jump shot,1,1
1044,0,16,2-pt jump shot,0,0
1045,0,25,3-pt jump shot,0,0
1046,0,1,2-pt layup,0,1
1047,0,25,3-pt jump shot,0,0
1048,0,22,2-pt jump shot,1,1
1049,0,29,3-pt jump shot,0,0
1050,0,26,3-pt jump shot,1,1
1051,0,24,3-pt jump shot,1,1
1052,0,29,3-pt jump shot,0,0
1053,0,31,3-pt jump shot,0,0
1054,0,25,3-pt jump shot,0,0
1055,0,27,3-pt jump shot,0,0
1056,0,25,3-pt jump shot,1,1
1057,0,22,3-pt jump shot,0,0
1058,0,20,2-pt jump shot,0,1
1059,0,0,2-pt layup,0,0
1060,0,25,3-pt jump shot,1,1
1061,0,14,2-pt jump shot,0,0
1062,0,0,2-pt dunk,1,1
1063,0,25,3-pt jump shot,1,1
1064,0,1,2-pt layup,0,1
1065,0,1,2-pt layup,0,0
1066,0,0,2-pt layup,0,0
1067,0,1,2-pt layup,0,1
1068,0,25,3-pt jump shot,1,1
1069,0,26,3-pt jump shot,0,0
1070,0,2,2-pt layup,0,0
1071,0,30,3-pt jump shot,0,0
1072,0,9,2-pt layup,0,1
1073,0,26,3-pt jump shot,0,0
1074,0,1,2-pt layup,0,1
1075,0,3,2-pt layup,0,0
1076,0,1,2-pt layup,0,1
1077,0,26,3-pt jump shot,0,0
1078,0,14,2-pt jump shot,0,0
1079,0,8,2-pt jump shot,0,1
1080,0,27,3-pt jump shot,0,0
1081,1,25,3-pt jump shot,0,0
1082,1,26,3-pt jump shot,0,0
1083,1,11,2-pt jump shot,0,0
1084,1,25,3-pt jump shot,0,0
1085,0,25,3-pt jump shot,0,0
1086,0,2,2-pt layup,0,1
1087,0,24,3-pt jump shot,1,1
1088,0,2,2-pt layup,0,1
1089,0,2,2-pt layup,0,0
1090,0,1,2-pt layup,0,1
1091,0,1,2-pt layup,0,0
1092,0,0,2-pt layup,0,0
1093,0,25,3-pt jump shot,0,0
1094,0,25,3-pt jump shot,0,0
1095,1,1,2-pt layup,0,0
1096,1,26,3-pt jump shot,0,0
1097,1,3,2-pt jump shot,1,1
1098,1,27,3-pt jump shot,0,0
1099,1,24,3-pt jump shot,1,1
1100,1,28,3-pt jump shot,1,1
1101,1,1,2-pt layup,0,1
1102,1,26,3-pt jump shot,1,1
1103,1,25,3-pt jump shot,0,0
1104,1,15,2-pt jump shot,0,0
1105,1,20,2-pt jump shot,0,0
1106,1,26,3-pt jump shot,0,0
1107,0,24,3-pt jump shot,0,0
1108,0,2,2-pt layup,0,0
1109,0,23,3-pt jump shot,1,1
1110,0,24,3-pt jump shot,0,0
1111,0,25,3-pt jump shot,0,0
1112,0,25,3-pt jump shot,0,0
1113,0,26,3-pt jump shot,0,0
1114,0,23,3-pt jump shot,0,0
1115,0,7,2-pt jump shot,0,0
1116,0,2,2-pt dunk,1,1
1117,0,4,2-pt layup,0,0
1118,0,26,3-pt jump shot,1,1
1119,0,25,3-pt jump shot,0,0
1120,0,24,3-pt jump shot,1,1
1121,0,26,3-pt jump shot,1,1
1122,1,25,3-pt jump shot,0,0
1123,1,25,3-pt jump shot,0,0
1124,1,0,2-pt layup,0,0
1125,1,1,2-pt dunk,1,1
1126,1,2,2-pt layup,0,0
1127,1,2,2-pt layup,0,0
1128,1,26,3-pt jump shot,0,0
1129,1,25,3-pt jump shot,0,0
1130,1,25,3-pt jump shot,1,1
1131,1,26,3-pt jump shot,0,0
1132,1,0,2-pt layup,0,0
1133,1,25,3-pt jump shot,1,1
1134,1,23,3-pt jump shot,0,0
1135,1,25,3-pt jump shot,0,0
1136,1,7,2-pt layup,0,0
1137,1,2,2-pt layup,0,1
1138,1,8,2-pt jump shot,0,0
1139,1,0,2-pt layup,0,1
1140,1,2,2-pt layup,0,0
1141,1,16,2-pt layup,0,0
1142,1,25,3-pt jump shot,1,1
1143,1,25,3-pt jump shot,0,0
1144,1,1,2-pt layup,0,1
1145,1,79,3-pt jump shot,0,0
1146,1,3,2-pt layup,0,0
1147,1,1,2-pt layup,1,1
1148,1,17,2-pt jump shot,0,0
1149,1,0,2-pt layup,0,0
1150,1,1,2-pt layup,0,1
1151,1,37,3-pt jump shot,0,0
1152,1,3,2-pt layup,0,1
1153,1,1,2-pt layup,1,1
1154,1,2,2-pt layup,0,0
1155,1,24,3-pt jump shot,0,0
1156,1,1,2-pt layup,0,0
1157,1,25,3-pt jump shot,0,0
1158,1,25,3-pt jump shot,0,0
1159,1,2,2-pt layup,0,1
1160,1,26,3-pt jump shot,0,0
1161,1,25,3-pt jump shot,0,0
1162,1,25,3-pt jump shot,0,0
1163,1,0,2-pt layup,0,0
1164,0,12,2-pt jump shot,0,0
1165,0,13,2-pt jump shot,0,0
1166,0,4,2-pt layup,1,1
1167,0,26,3-pt jump shot,0,0
1168,0,2,2-pt layup,0,0
1169,0,26,3-pt jump shot,0,0
1170,0,2,2-pt layup,0,1
1171,0,3,2-pt layup,0,0
1172,0,28,3-pt jump shot,0,0
1173,0,30,3-pt jump shot,0,1
1174,0,26,3-pt jump shot,0,1
1175,0,26,3-pt jump shot,1,1
1176,0,27,3-pt jump shot,1,1
1177,0,0,2-pt layup,1,1
1178,0,26,3-pt jump shot,0,0
1179,0,2,2-pt layup,0,0
1180,0,7,2-pt jump shot,0,1
1181,0,2,2-pt layup,0,0
1182,0,14,2-pt jump shot,0,0
1183,0,2,2-pt layup,0,1
1184,0,0,2-pt layup,1,1
1185,0,19,2-pt jump shot,0,0
1186,0,0,2-pt layup,0,1
1187,0,1,2-pt layup,0,0
1188,0,26,3-pt jump shot,0,0
1189,0,22,3-pt jump shot,0,0
1190,0,26,3-pt jump shot,0,0
1191,0,26,3-pt jump shot,0,1
1192,0,23,3-pt jump shot,0,0
1193,0,3,2-pt jump shot,0,0
1194,0,27,3-pt jump shot,0,0
1195,0,26,3-pt jump shot,0,0
1196,0,27,3-pt jump shot,0,0
1197,0,3,2-pt jump shot,0,0
1198,0,26,3-pt jump shot,1,1
1199,0,26,3-pt jump shot,0,0
1200,0,3,2-pt jump shot,0,1
1201,0,3,2-pt layup,0,0
1202,0,23,3-pt jump shot,0,0
1203,0,0,2-pt layup,0,1
1204,0,2,2-pt layup,0,0
1205,0,8,2-pt jump shot,0,0
1206,0,23,3-pt jump shot,0,0
1207,0,3,2-pt layup,0,1
1208,0,2,2-pt layup,0,0
1209,0,2,2-pt layup,0,0
1210,0,4,2-pt layup,0,0
1211,1,25,3-pt jump shot,0,0
1212,1,28,3-pt jump shot,0,0
1213,1,1,2-pt layup,0,1
1214,1,1,2-pt layup,0,0
1215,1,0,2-pt layup,0,1
1216,1,25,3-pt jump shot,0,0
1217,1,2,2-pt layup,0,0
1218,1,25,3-pt jump shot,0,1
1219,1,25,3-pt jump shot,0,0
1220,1,25,3-pt jump shot,0,0
1221,1,5,2-pt jump shot,0,0
1222,1,26,3-pt jump shot,0,0
1223,1,26,3-pt jump shot,0,0
1224,1,26,3-pt jump shot,0,0
1225,1,8,2-pt jump shot,0,1
1226,1,3,2-pt jump shot,0,0
1227,1,1,2-pt layup,0,0
1228,1,4,2-pt jump shot,0,0
1229,1,2,2-pt layup,0,1
1230,1,0,2-pt layup,0,0
1231,1,0,2-pt layup,0,0
1232,1,1,2-pt layup,0,0
1233,1,5,2-pt jump shot,0,0
1234,1,26,3-pt jump shot,0,0
1235,1,2,2-pt layup,0,0
1236,1,1,2-pt layup,0,0
1237,1,18,2-pt jump shot,0,1
1238,1,25,3-pt jump shot,0,0
1239,0,18,2-pt jump shot,0,0
1240,0,27,3-pt jump shot,0,0
1241,1,5,2-pt jump shot,0,0
1242,1,2,2-pt layup,1,1
1243,1,24,3-pt jump shot,1,1
1244,1,4,2-pt jump shot,0,0
1245,1,2,2-pt layup,0,0
1246,1,9,2-pt jump shot,0,1
1247,1,25,3-pt jump shot,0,0
1248,1,1,2-pt layup,0,1
1249,1,2,2-pt layup,0,1
1250,1,23,3-pt jump shot,0,0
1251,1,0,2-pt layup,0,1
1252,1,10,2-pt jump shot,0,0
1253,1,16,2-pt jump shot,0,0
1254,0,2,2-pt layup,0,0
1255,0,28,3-pt jump shot,0,0
1256,0,22,3-pt jump shot,1,1
1257,0,2,2-pt layup,0,0
1258,0,24,3-pt jump shot,1,1
1259,0,22,2-pt jump shot,0,0
1260,0,25,3-pt jump shot,0,1
1261,0,18,2-pt jump shot,0,0
1262,0,26,3-pt jump shot,0,0
1263,0,22,3-pt jump shot,0,0
1264,1,1,2-pt layup,1,1
1265,1,25,3-pt jump shot,0,0
1266,1,25,3-pt jump shot,0,0
1267,1,25,3-pt jump shot,1,1
1268,1,7,2-pt jump shot,0,0
1269,1,19,2-pt jump shot,0,0
1270,1,25,3-pt jump shot,0,0
1271,1,1,2-pt jump shot,0,0
1272,1,1,2-pt layup,0,0
1273,1,25,3-pt jump shot,0,0
